Workbook
Name Slicer_Department: #N/A
Name Slicer_Emp_ID: #N/A

Sheet Table
B3: 📊 Employee Performance Dataset
B4: Emp ID | C4: Name | D4: Gender | E4: Department | F4: Location | G4: Role | H4: Experience (Years) | I4: Annual Salary | J4: Target | K4: Achieved | L4: Achievement | M4: Rank | N4: Experience Bucket
B5: E101 | C5: James Anderson | D5: Male | E5: Finance | F5: New York | G5: Analyst | H5: 7 | I5: 92000 | J5: 180000 | K5: 175000 | L5: =K5/J5 -> 0.97222222 | M5: =_xlfn.RANK.EQ(Table2[[#This Row],[Achievement]], Table2[Achievement]) -> 6 | N5: {=_xlfn.IFS(Table2[[#This Row],[Experience (Years)]]<=3, "Junior", Table2[[#This Row],[Experience (Years)]]<=7, "Mid Level", Table2[[#This Row],[Experience (Years)]]>7, "Senior")} -> Mid Level
B6: E102 | C6: Olivia Martin | D6: Female | E6: IT | F6: Chicago | G6: Executive | H6: 3 | I6: 62000 | J6: 100000 | K6: 110000 | L6: =K6/J6 -> 1.1 | M6: =_xlfn.RANK.EQ(Table2[[#This Row],[Achievement]], Table2[Achievement]) -> 1 | N6: {=_xlfn.IFS(Table2[[#This Row],[Experience (Years)]]<=3, "Junior", Table2[[#This Row],[Experience (Years)]]<=7, "Mid Level", Table2[[#This Row],[Experience (Years)]]>7, "Senior")} -> Junior
B7: E103 | C7: William Scott | D7: Male | E7: HR | F7: Houston | G7: Consultant | H7: 10 | I7: 78000 | J7: 140000 | K7: 120000 | L7: =K7/J7 -> 0.85714286 | M7: =_xlfn.RANK.EQ(Table2[[#This Row],[Achievement]], Table2[Achievement]) -> 10 | N7: {=_xlfn.IFS(Table2[[#This Row],[Experience (Years)]]<=3, "Junior", Table2[[#This Row],[Experience (Years)]]<=7, "Mid Level", Table2[[#This Row],[Experience (Years)]]>7, "Senior")} -> Senior
B8: E104 | C8: Ava Thompson | D8: Female | E8: Marketing | F8: Phoenix | G8: Manager | H8: 5 | I8: 105000 | J8: 150000 | K8: 145000 | L8: =K8/J8 -> 0.96666667 | M8: =_xlfn.RANK.EQ(Table2[[#This Row],[Achievement]], Table2[Achievement]) -> 7 | N8: {=_xlfn.IFS(Table2[[#This Row],[Experience (Years)]]<=3, "Junior", Table2[[#This Row],[Experience (Years)]]<=7, "Mid Level", Table2[[#This Row],[Experience (Years)]]>7, "Senior")} -> Mid Level
B9: E105 | C9: Benjamin Carter | D9: Male | E9: Sales | F9: Los Angeles | G9: Manager | H9: 8 | I9: 112000 | J9: 200000 | K9: 210000 | L9: =K9/J9 -> 1.05 | M9: =_xlfn.RANK.EQ(Table2[[#This Row],[Achievement]], Table2[Achievement]) -> 2 | N9: {=_xlfn.IFS(Table2[[#This Row],[Experience (Years)]]<=3, "Junior", Table2[[#This Row],[Experience (Years)]]<=7, "Mid Level", Table2[[#This Row],[Experience (Years)]]>7, "Senior")} -> Senior
B10: E106 | C10: Emily White | D10: Female | E10: Operations | F10: New York | G10: Executive | H10: 4 | I10: 67000 | J10: 100000 | K10: 90000 | L10: =K10/J10 -> 0.9 | M10: =_xlfn.RANK.EQ(Table2[[#This Row],[Achievement]], Table2[Achievement]) -> 9 | N10: {=_xlfn.IFS(Table2[[#This Row],[Experience (Years)]]<=3, "Junior", Table2[[#This Row],[Experience (Years)]]<=7, "Mid Level", Table2[[#This Row],[Experience (Years)]]>7, "Senior")} -> Mid Level
B11: E107 | C11: Lucas Hernandez | D11: Male | E11: Finance | F11: Chicago | G11: Analyst | H11: 9 | I11: 88000 | J11: 160000 | K11: 158000 | L11: =K11/J11 -> 0.9875 | M11: =_xlfn.RANK.EQ(Table2[[#This Row],[Achievement]], Table2[Achievement]) -> 4 | N11: {=_xlfn.IFS(Table2[[#This Row],[Experience (Years)]]<=3, "Junior", Table2[[#This Row],[Experience (Years)]]<=7, "Mid Level", Table2[[#This Row],[Experience (Years)]]>7, "Senior")} -> Senior
B12: E108 | C12: Sophia Lewis | D12: Female | E12: HR | F12: Houston | G12: Consultant | H12: 6 | I12: 74000 | J12: 120000 | K12: 120000 | L12: =K12/J12 -> 1 | M12: =_xlfn.RANK.EQ(Table2[[#This Row],[Achievement]], Table2[Achievement]) -> 3 | N12: {=_xlfn.IFS(Table2[[#This Row],[Experience (Years)]]<=3, "Junior", Table2[[#This Row],[Experience (Years)]]<=7, "Mid Level", Table2[[#This Row],[Experience (Years)]]>7, "Senior")} -> Mid Level
B13: E109 | C13: Masoni Walker | D13: Female | E13: IT | F13: Phoenix | G13: Executive | H13: 2 | I13: 59000 | J13: 90000 | K13: 85000 | L13: =K13/J13 -> 0.94444444 | M13: =_xlfn.RANK.EQ(Table2[[#This Row],[Achievement]], Table2[Achievement]) -> 8 | N13: {=_xlfn.IFS(Table2[[#This Row],[Experience (Years)]]<=3, "Junior", Table2[[#This Row],[Experience (Years)]]<=7, "Mid Level", Table2[[#This Row],[Experience (Years)]]>7, "Senior")} -> Junior
B14: E110 | C14: Isabella Hall | D14: Female | E14: Sales | F14: Los Angeles | G14: Analyst | H14: 11 | I14: 99000 | J14: 190000 | K14: 185000 | L14: =K14/J14 -> 0.97368421 | M14: =_xlfn.RANK.EQ(Table2[[#This Row],[Achievement]], Table2[Achievement]) -> 5 | N14: {=_xlfn.IFS(Table2[[#This Row],[Experience (Years)]]<=3, "Junior", Table2[[#This Row],[Experience (Years)]]<=7, "Mid Level", Table2[[#This Row],[Experience (Years)]]>7, "Senior")} -> Senior

Sheet Queries
B1: DASHBOARD QUERIES
B4: Queries
B5: 1 | C5: What is the average annual salary in each department?
B6: 2 | C6: How does each department perform in terms of target vs actual achievement?
B7: 3 | C7: One-Click Insights of Every Employee
B8: 4 | C8: Which roles are achieving more % of their targets?
B9: 5 | C9: What is the male vs female employee ratio?
B10: 6 | C10: Describe the experience-wise performance of staff
B11: 7 | C11: What is the salary gap between male and female employees in each role?

Sheet Pivot Tables
A3: Row Labels | B3: Average of Annual Salary | E3: Row Labels | F3: Target | G3: Achieveds | I3: Row Labels | K3: Row Labels | L3: Sum of Achievement | N3: Row Labels | O3: Count of Emp ID | Q3: Row Labels | R3: Sum of Achievement | T3: Sum of Annual Salary | U3: Column Labels
A4: Operations | B4: 67000 | E4: Operations | F4: 100000 | G4: 90000 | I4: E106 | K4: Executive | L4: 1 | N4: Female | O4: 1 | Q4: Mid Level | R4: 1 | T4: Row Labels | U4: Female | V4: Grand Total
A5: Grand Total | B5: 67000 | E5: Grand Total | F5: 100000 | G5: 90000 | I5: Grand Total | K5: Grand Total | L5: 1 | N5: Grand Total | O5: 1 | Q5: Grand Total | R5: 1 | T5: Executive | U5: 67000 | V5: 67000
T6: Grand Total | U6: 67000 | V6: 67000

Sheet Dashboard
A1: =Sheet8!B1 -> Emily White
A7: Gender : | B7: =Sheet8!C1 -> Female
A10: Role : | B10: =Sheet8!F1 -> Executive
A13: Experience : | B13: =Sheet8!G1 & " Year(s)" -> 4 Year(s)
A16: Annual Salary : | B16: ="$" & Sheet8!H1 -> $67000
A19: Achievement : | B19: =Sheet8!K1 -> 0.9
A22: Rank : | B22: =Sheet8!L1 -> 9
A25: Department : | B25: =Sheet8!D1 -> Operations

Sheet Sheet8
A1: {=_xlfn.XLOOKUP('Pivot Tables'!$I$4, Table2[Emp ID], Table2[])} -> E106 | B1: Emily White | C1: Female | D1: Operations | E1: New York | F1: Executive | G1: 4 | H1: 67000 | I1: 100000 | J1: 90000 | K1: 0.9 | L1: 9 | M1: Mid Level
